日期,PV
2014-12-18,261187
2014-12-17,267013
2014-12-16,274903
2014-12-15,277466
2014-12-14,281895
2014-12-13,283678
2014-12-12,479388
2014-12-11,348364
2014-12-10,297956
2014-12-09,280868
2014-12-08,270842
2014-12-07,273463
2014-12-06,265706
2014-12-05,230867
2014-12-04,255972
2014-12-03,262282
2014-12-02,259520
2014-12-01,252171
2014-11-30,255861
2014-11-29,233909
2014-11-28,216773
2014-11-27,237808
2014-11-26,228788
2014-11-25,234505
2014-11-24,244679
2014-11-23,246128
2014-11-22,232994
2014-11-21,213894
2014-11-20,226523
2014-11-19,233144
2014-11-18,235493
